Usage_ID,Project_Name,Project_Category,Dataset_ID,User_Email
1,Streamlined 4thgeneration system engine,field research,2640,ethan.williams60@icloud.com
2,Cloned background software,field research,1839,aiden.brown40@protonmail.com
3,Grass-roots value-added frame,field research,2982,aiden.park43@icloud.com
4,User-centric scalable approach,field research,3464,emma.ali54@gmail.com
5,Face-to-face regional implementation,analytics,1960,raj.patel12@protonmail.com
6,Cross-group logistical project,field research,1702,amara.kowalski26@gmail.com
7,Devolved attitude-oriented firmware,machine learning,3447,logan.lopez1@outlook.com
8,Robust fresh-thinking complexity,machine learning,2310,tariq.walker98@gmail.com
9,Progressive eco-centric model,analytics,2267,zoe.reyes37@hotmail.com
10,Exclusive contextually-based methodology,analytics,2310,emma.ali54@gmail.com
11,Focused impactful archive,analytics,3008,sofia.tanaka97@outlook.com
12,Business-focused 5thgeneration groupware,machine learning,2786,sofia.garcia21@hotmail.com
13,Inverse intangible circuit,analytics,1842,amara.kowalski26@gmail.com
14,Networked eco-centric firmware,machine learning,3265,carlos.wilson74@yahoo.com
15,Inverse leadingedge projection,field research,2485,james.martin19@icloud.com
16,De-engineered high-level installation,analytics,1390,lucas.williams54@hotmail.com
17,Stand-alone secondary focus group,analytics,1614,raj.ahmed52@yahoo.com
18,Front-line neutral success,field research,1621,ethan.williams60@icloud.com
19,Team-oriented client-driven challenge,field research,1620,aiden.kowalski16@yahoo.com
20,Centralized multi-tasking paradigm,field research,2946,ava.taylor37@gmail.com
21,Open-source asymmetric monitoring,machine learning,3144,mia.jackson30@gmail.com
22,Quality-focused directional success,field research,1525,ali.jackson94@gmail.com
23,Monitored static matrix,machine learning,1629,priya.ahmed14@hotmail.com
24,Face-to-face coherent forecast,field research,3370,zoe.moreno11@outlook.com
25,Polarized context-sensitive service-desk,field research,2861,mei.park33@outlook.com
26,Inverse intermediate methodology,analytics,1981,mason.patel84@yahoo.com
27,Fully-configurable well-modulated productivity,field research,1868,james.martin19@icloud.com
28,Reverse-engineered responsive approach,field research,2616,logan.williams65@protonmail.com
29,Balanced multi-tasking methodology,field research,1824,ethan.tanaka98@yahoo.com
30,Total responsive open architecture,field research,1893,jackson.muller14@gmail.com
31,Business-focused empowering initiative,machine learning,2231,mia.jackson30@gmail.com
32,Assimilated even-keeled software,analytics,1802,aiden.brown40@protonmail.com
33,Progressive analyzing frame,field research,1646,ali.martinez38@yahoo.com
34,Visionary logistical Local Area Network,field research,2238,isabella.martinez76@icloud.com
35,Right-sized didactic product,analytics,3007,isabella.dubois47@hotmail.com
36,Realigned grid-enabled emulation,field research,1934,jackson.muller14@gmail.com
37,Progressive optimizing implementation,field research,1816,sofia.tanaka97@outlook.com
38,Face-to-face upward-trending Graphical User Interface,field research,2296,raj.reyes25@gmail.com
39,Universal tertiary Internet solution,field research,3038,carlos.wilson74@yahoo.com
40,Grass-roots radical initiative,field research,2497,carlos.wilson74@yahoo.com
41,Sharable modular groupware,field research,3395,ali.hassan60@protonmail.com
42,User-friendly background implementation,machine learning,3434,ivan.nkosi21@icloud.com
43,Organized static data-warehouse,machine learning,3416,carlos.wilson74@yahoo.com
44,Switchable didactic approach,machine learning,2825,ivan.nkosi21@icloud.com
45,Devolved system-worthy artificial intelligence,field research,3451,emma.taylor39@gmail.com
46,Cross-platform radical capacity,field research,3339,ava.taylor37@gmail.com
47,Reactive optimal analyzer,machine learning,1486,zoe.moreno11@outlook.com
48,Automated multi-tasking groupware,field research,2895,mason.singh73@yahoo.com
49,Cross-platform uniform flexibility,machine learning,3065,jackson.davis60@hotmail.com
50,Intuitive reciprocal software,machine learning,2269,laura.ali47@yahoo.com
51,Ameliorated maximized frame,machine learning,2806,raj.patel12@protonmail.com
52,Face-to-face national policy,analytics,3565,isabella.hassan9@protonmail.com
53,Multi-lateral motivating open system,analytics,2540,isabella.dubois47@hotmail.com
54,Future-proofed disintermediate capability,machine learning,2343,raj.patel12@protonmail.com
55,Reverse-engineered eco-centric intranet,field research,1631,mason.taylor21@yahoo.com
56,Reactive homogeneous framework,field research,2568,emma.ali54@gmail.com
57,Public-key content-based website,analytics,1934,emma.martinez59@yahoo.com
58,Extended disintermediate access,analytics,1586,liam.rossi65@hotmail.com
59,Proactive scalable initiative,field research,2836,amara.kowalski26@gmail.com
60,Function-based methodical groupware,machine learning,3539,ethan.tanaka98@yahoo.com
61,Realigned encompassing moderator,field research,1735,fatima.moreno57@protonmail.com
62,Front-line 24hour knowledge user,machine learning,3321,zoe.smith85@gmail.com
63,Open-source leadingedge time-frame,machine learning,1511,isabella.dubois47@hotmail.com
64,Grass-roots heuristic time-frame,field research,1956,aiden.brown40@protonmail.com
65,Team-oriented high-level hierarchy,machine learning,2535,ali.lee15@hotmail.com
66,Inverse object-oriented alliance,field research,1686,emma.martinez59@yahoo.com
67,Upgradable executive matrices,machine learning,1782,mateo.brown98@outlook.com
68,Cloned reciprocal projection,analytics,2442,tariq.walker98@gmail.com
69,Proactive impactful Graphic Interface,machine learning,2175,jackson.davis60@hotmail.com
70,Re-contextualized 5thgeneration secured line,machine learning,2692,amara.lopez98@yahoo.com
71,Team-oriented zero administration productivity,field research,2702,ali.park89@hotmail.com
72,Polarized intermediate product,field research,2358,carlos.muller30@protonmail.com
73,Adaptive scalable projection,analytics,2584,ivan.taylor80@outlook.com
74,Universal bandwidth-monitored success,field research,2768,amara.lopez98@yahoo.com
75,Diverse next generation application,field research,3558,ava.taylor37@gmail.com
76,Versatile executive solution,field research,2825,logan.williams65@protonmail.com
77,Enterprise-wide eco-centric interface,analytics,1614,mateo.diallo28@outlook.com
78,Monitored demand-driven neural-net,analytics,2011,fatima.moreno57@protonmail.com
79,User-friendly content-based definition,field research,2015,tariq.walker98@gmail.com
80,Self-enabling motivating strategy,analytics,2026,logan.walker67@outlook.com
81,Business-focused regional frame,machine learning,1575,chloe.ahmed45@outlook.com
82,Upgradable static firmware,analytics,1627,aiden.white96@outlook.com
83,Distributed mobile customer loyalty,field research,3565,ali.park89@hotmail.com
84,Synergistic cohesive model,machine learning,2965,jun.wilson34@yahoo.com
85,Extended zero tolerance model,machine learning,1578,jun.ali93@protonmail.com
86,Vision-oriented intermediate pricing structure,analytics,3301,logan.williams1@gmail.com
87,Programmable cohesive process improvement,field research,1726,jackson.davis60@hotmail.com
88,Re-engineered asymmetric policy,analytics,2575,mia.walker14@protonmail.com
89,Open-source scalable model,field research,3531,sofia.williams99@protonmail.com
90,Exclusive actuating process improvement,field research,1433,aiden.martin91@outlook.com
91,Implemented eco-centric complexity,machine learning,3071,logan.ali24@yahoo.com
92,Reverse-engineered client-server Graphic Interface,analytics,2324,tariq.walker98@gmail.com
93,Configurable 4thgeneration encryption,field research,1424,mia.wilson12@gmail.com
94,Organized leadingedge synergy,field research,3565,ethan.tanaka98@yahoo.com
95,Object-based mobile groupware,analytics,2653,mateo.diallo28@outlook.com
96,Distributed upward-trending initiative,analytics,3371,liam.rossi65@hotmail.com
97,Stand-alone stable extranet,analytics,3204,fatima.moreno57@protonmail.com
98,Progressive executive instruction set,field research,2275,chloe.petrov45@icloud.com
99,Upgradable high-level analyzer,field research,2379,james.martin19@icloud.com
100,Total stable installation,field research,2025,raj.patel12@protonmail.com
101,Triple-buffered clear-thinking workforce,machine learning,3174,ivan.dubois86@gmail.com
102,Up-sized transitional protocol,machine learning,1700,ethan.williams60@icloud.com
103,Profound 24/7 instruction set,machine learning,2533,jun.moreno8@yahoo.com
104,Visionary user-facing time-frame,machine learning,3115,logan.williams65@protonmail.com
105,Mandatory exuding hub,machine learning,3197,logan.lopez1@outlook.com
106,Digitized web-enabled data-warehouse,machine learning,2308,aiden.tanaka24@yahoo.com
107,Open-architected bi-directional capability,machine learning,2362,diego.lee49@outlook.com
108,Customizable static capability,machine learning,2231,leila.tanaka82@hotmail.com
109,Quality-focused heuristic utilization,field research,2745,jun.moreno8@yahoo.com
110,Multi-lateral asymmetric contingency,machine learning,3164,mei.ali9@icloud.com
111,Advanced discrete paradigm,field research,1466,hannah.thompson64@hotmail.com
112,Grass-roots discrete project,machine learning,3441,fatima.chen80@gmail.com
113,Multi-layered reciprocal budgetary management,analytics,2825,jackson.davis60@hotmail.com
114,Adaptive transitional Graphical User Interface,field research,1509,jun.lee17@protonmail.com
115,Multi-lateral disintermediate access,field research,2233,isabella.hassan9@protonmail.com
116,Configurable scalable service-desk,machine learning,2397,raj.reyes25@gmail.com
117,Customizable clear-thinking definition,field research,1558,ali.park89@hotmail.com
118,Universal local website,field research,2189,ava.anderson36@outlook.com
119,Object-based value-added portal,field research,1630,ali.martinez38@yahoo.com
120,Robust 24hour secured line,analytics,3129,ali.jones52@gmail.com
121,Triple-buffered heuristic analyzer,field research,3031,jackson.davis60@hotmail.com
122,Realigned multimedia Internet solution,field research,2879,amara.lopez98@yahoo.com
123,Enterprise-wide stable secured line,machine learning,3066,ava.taylor86@hotmail.com
124,Switchable upward-trending software,machine learning,1763,liam.rossi65@hotmail.com
125,Focused asymmetric firmware,machine learning,2028,mohamed.singh34@protonmail.com
126,Optimized heuristic array,machine learning,2532,nina.thomas44@yahoo.com
127,Optional non-volatile customer loyalty,field research,2958,mia.wilson12@gmail.com
128,Intuitive intermediate conglomeration,machine learning,1484,sofia.white98@hotmail.com
129,Visionary exuding Internet solution,analytics,1959,sofia.okonkwo99@icloud.com
130,Triple-buffered system-worthy framework,field research,2429,aiden.white96@outlook.com
131,Multi-channeled executive circuit,field research,3081,ali.martinez38@yahoo.com
132,Cross-group multi-state product,machine learning,3544,hannah.thompson64@hotmail.com
133,Exclusive 5thgeneration alliance,field research,3264,liam.rossi65@hotmail.com
134,Cloned attitude-oriented Graphical User Interface,analytics,2571,ava.taylor37@gmail.com
135,Visionary fresh-thinking pricing structure,analytics,2077,mia.dubois81@icloud.com
136,Face-to-face maximized Graphic Interface,field research,3107,raj.reyes25@gmail.com
137,Compatible 24hour methodology,machine learning,2515,mateo.diallo28@outlook.com
138,Operative discrete flexibility,analytics,2497,lucas.williams54@hotmail.com
139,Triple-buffered zero administration core,machine learning,3018,chloe.ahmed45@outlook.com
140,Compatible hybrid methodology,field research,1726,jun.wilson34@yahoo.com
141,Multi-layered static task-force,machine learning,2946,ava.anderson36@outlook.com
142,Operative multimedia frame,machine learning,2052,wei.muller27@outlook.com
143,User-centric didactic workforce,machine learning,1823,ava.anderson36@outlook.com
144,Stand-alone global architecture,machine learning,1444,logan.lopez1@outlook.com
145,Fundamental user-facing orchestration,field research,1840,logan.lopez1@outlook.com
146,Compatible even-keeled structure,field research,1777,ali.park89@hotmail.com
147,Reactive hybrid instruction set,analytics,1591,leila.davis31@outlook.com
148,Reactive mission-critical success,field research,1388,sofia.williams99@protonmail.com
149,Pre-emptive multi-state policy,machine learning,2238,mason.taylor21@yahoo.com
150,Pre-emptive systematic software,field research,2915,logan.walker67@outlook.com
151,Multi-lateral 3rdgeneration knowledge user,field research,2157,laura.ali47@yahoo.com
152,Centralized didactic approach,machine learning,1998,ali.jackson94@gmail.com
153,Robust local challenge,field research,2903,sofia.okonkwo99@icloud.com
154,Cross-group system-worthy implementation,field research,3004,isabella.dubois47@hotmail.com
155,Secured multimedia approach,machine learning,2029,ethan.kim7@hotmail.com
156,Adaptive explicit hierarchy,analytics,3001,sofia.smith28@icloud.com
157,Switchable systematic core,field research,2559,isabella.dubois47@hotmail.com
158,Managed impactful matrices,machine learning,2251,ava.anderson19@protonmail.com
159,Expanded 5thgeneration infrastructure,analytics,2622,sofia.okonkwo99@icloud.com
160,Horizontal bottom-line definition,analytics,3045,ivan.nkosi21@icloud.com
161,Multi-tiered logistical moderator,machine learning,1394,logan.williams65@protonmail.com
162,Integrated stable flexibility,field research,2933,ava.anderson19@protonmail.com
163,Seamless tertiary methodology,field research,3050,isabella.johnson75@protonmail.com
164,Streamlined client-server project,machine learning,2402,ethan.kim7@hotmail.com
165,Inverse optimizing core,field research,1724,jackson.white69@icloud.com
166,Public-key logistical instruction set,machine learning,2164,ava.anderson36@outlook.com
167,Right-sized local focus group,machine learning,3528,logan.walker67@outlook.com
168,Exclusive uniform capability,machine learning,3101,jackson.taylor87@gmail.com
169,Pre-emptive 5thgeneration infrastructure,field research,2058,laura.ali47@yahoo.com
170,Upgradable analyzing contingency,machine learning,3350,aiden.tanaka24@yahoo.com
171,Public-key human-resource synergy,field research,3318,aiden.park43@icloud.com
172,Fully-configurable exuding help-desk,machine learning,2334,liam.rossi65@hotmail.com
173,Decentralized coherent infrastructure,field research,3002,emma.dubois78@yahoo.com
174,Self-enabling needs-based focus group,machine learning,3536,ethan.kim7@hotmail.com
175,Focused multi-state forecast,analytics,1598,hannah.thompson64@hotmail.com
176,Persevering cohesive capability,analytics,3296,sofia.tanaka97@outlook.com
177,Right-sized motivating portal,analytics,2345,raj.reyes25@gmail.com
178,Progressive 6thgeneration time-frame,machine learning,2672,sofia.smith28@icloud.com
179,Right-sized 4thgeneration archive,field research,3283,amara.nkosi17@icloud.com
180,Digitized zero-defect toolset,analytics,2229,ali.jackson94@gmail.com
181,Object-based analyzing artificial intelligence,field research,2015,ali.park89@hotmail.com
182,Cloned grid-enabled product,machine learning,3279,ethan.williams60@icloud.com
183,Synergistic stable focus group,analytics,3126,logan.williams65@protonmail.com
184,Self-enabling reciprocal solution,machine learning,2928,liam.rossi65@hotmail.com
185,Advanced context-sensitive function,analytics,3075,laura.ali47@yahoo.com
186,Organized intangible implementation,machine learning,2458,ava.anderson36@outlook.com
187,Cross-platform asynchronous concept,field research,1771,ava.anderson36@outlook.com
188,Sharable executive data-warehouse,analytics,3538,mohamed.singh34@protonmail.com
189,Configurable didactic support,field research,2221,jackson.davis60@hotmail.com
190,Pre-emptive exuding software,analytics,1581,ethan.williams60@icloud.com
191,Face-to-face clear-thinking process improvement,analytics,1624,amara.kowalski26@gmail.com
192,Automated interactive product,field research,2455,ivan.taylor80@outlook.com
193,Monitored human-resource Internet solution,machine learning,2534,mia.wilson12@gmail.com
194,Expanded 6thgeneration complexity,analytics,2220,ethan.tanaka98@yahoo.com
195,Reactive dynamic initiative,machine learning,2770,tariq.walker98@gmail.com
196,Persevering impactful superstructure,machine learning,2372,aiden.martin91@outlook.com
197,Customer-focused bandwidth-monitored policy,analytics,2936,ava.brown5@outlook.com
198,Right-sized needs-based customer loyalty,machine learning,1825,emma.ali54@gmail.com
199,Cross-platform even-keeled pricing structure,analytics,2146,tariq.taylor1@yahoo.com
200,Virtual systematic help-desk,field research,3148,jun.moreno8@yahoo.com
201,Reverse-engineered intermediate access,machine learning,2535,logan.lopez1@outlook.com
202,Versatile multi-tasking encoding,analytics,1966,aiden.brown40@protonmail.com
203,Balanced human-resource circuit,analytics,3253,logan.williams65@protonmail.com
204,Adaptive responsive access,machine learning,2760,carlos.muller30@protonmail.com
205,Upgradable system-worthy system engine,analytics,3244,leila.tanaka82@hotmail.com
206,Up-sized needs-based implementation,analytics,1758,isabella.johnson75@protonmail.com
207,Right-sized object-oriented moratorium,field research,2778,sofia.williams99@protonmail.com
208,Diverse systematic intranet,field research,2298,raj.ahmed52@yahoo.com
209,Devolved next generation conglomeration,machine learning,2120,mohamed.singh34@protonmail.com
210,Intuitive eco-centric Local Area Network,analytics,3251,jackson.white69@icloud.com
211,Persistent empowering intranet,field research,1582,ali.park89@hotmail.com
212,Fundamental secondary moratorium,machine learning,3271,aiden.brown40@protonmail.com
213,Automated didactic architecture,analytics,2166,lucas.williams54@hotmail.com
214,Secured high-level matrix,machine learning,1789,aiden.jones77@yahoo.com
215,Sharable analyzing leverage,field research,3495,amara.jackson42@icloud.com
216,Pre-emptive directional moderator,machine learning,2496,ali.martinez38@yahoo.com
217,Diverse clear-thinking secured line,analytics,1481,amara.kowalski26@gmail.com
218,Phased transitional workforce,machine learning,3246,sofia.garcia21@hotmail.com
219,Total zero administration circuit,field research,2161,zoe.moreno11@outlook.com
220,Re-contextualized motivating groupware,machine learning,2596,mia.dubois81@icloud.com
221,Triple-buffered mobile solution,machine learning,2638,fatima.chen80@gmail.com
222,Cloned 6thgeneration customer loyalty,analytics,2254,logan.williams65@protonmail.com
223,Total impactful success,field research,1967,mei.ali9@icloud.com
224,Upgradable content-based task-force,machine learning,1889,fatima.nkosi32@protonmail.com
225,Front-line bottom-line strategy,analytics,1540,leila.kim48@icloud.com
226,Phased interactive strategy,machine learning,3335,jun.moreno8@yahoo.com
227,Polarized exuding Internet solution,analytics,3142,ava.anderson19@protonmail.com
228,Fundamental national framework,field research,2341,aiden.tanaka24@yahoo.com
229,Persevering grid-enabled encoding,field research,2752,ava.brown5@outlook.com
230,Profit-focused 24hour function,analytics,3128,ivan.nkosi21@icloud.com
231,Multi-lateral encompassing utilization,machine learning,1460,nina.thomas44@yahoo.com
232,Front-line zero administration flexibility,field research,3242,mateo.diallo28@outlook.com
233,Sharable interactive initiative,machine learning,3422,raj.ahmed52@yahoo.com
234,Intuitive asymmetric Graphical User Interface,field research,3245,ava.anderson36@outlook.com
235,Streamlined systemic initiative,analytics,3496,leila.tanaka82@hotmail.com
236,Compatible web-enabled productivity,field research,2352,isabella.dubois47@hotmail.com
237,Monitored tangible attitude,field research,3166,ali.hassan60@protonmail.com
238,User-centric global forecast,machine learning,1440,ava.taylor37@gmail.com
239,Implemented heuristic firmware,machine learning,2263,aiden.kowalski16@yahoo.com
240,De-engineered systemic pricing structure,analytics,3232,sofia.williams99@protonmail.com
241,Mandatory human-resource system engine,analytics,1992,ivan.taylor80@outlook.com
242,Innovative content-based model,analytics,2442,emma.dubois78@yahoo.com
243,Enhanced system-worthy standardization,analytics,2224,isabella.hassan9@protonmail.com
244,Devolved web-enabled analyzer,field research,1766,ivan.nkosi21@icloud.com
245,Function-based responsive software,analytics,2512,mason.taylor21@yahoo.com
246,Centralized value-added approach,analytics,1740,mia.thomas17@icloud.com
247,Self-enabling tertiary intranet,field research,1461,tariq.taylor1@yahoo.com
248,Profound 5thgeneration leverage,field research,2970,diego.williams8@outlook.com
249,Open-architected disintermediate focus group,field research,3399,mateo.diallo28@outlook.com
250,Multi-tiered systemic Graphical User Interface,field research,1883,mia.walker14@protonmail.com
251,Enhanced leadingedge budgetary management,analytics,2739,chloe.ahmed45@outlook.com
252,Organized asynchronous throughput,machine learning,3141,zoe.reyes37@hotmail.com
253,Organized explicit hierarchy,field research,1670,zoe.smith85@gmail.com
254,Progressive encompassing Graphical User Interface,machine learning,2419,jun.lee17@protonmail.com
255,Balanced clear-thinking monitoring,analytics,2055,jun.wilson34@yahoo.com
256,Extended human-resource alliance,analytics,3129,raj.ahmed52@yahoo.com
257,Switchable optimal protocol,analytics,2036,mason.taylor21@yahoo.com
258,Re-contextualized analyzing hub,analytics,2687,logan.ali24@yahoo.com
259,Programmable maximized middleware,analytics,2897,mei.ali9@icloud.com
260,Mandatory directional product,analytics,2313,leila.tanaka82@hotmail.com
261,User-centric asynchronous extranet,machine learning,3125,mia.walker14@protonmail.com
262,Fundamental well-modulated function,field research,3545,logan.walker67@outlook.com
263,Innovative value-added benchmark,machine learning,3059,mia.dubois81@icloud.com
264,Distributed explicit encryption,machine learning,2569,isabella.hassan9@protonmail.com
265,Managed global utilization,analytics,3113,isabella.johnson75@protonmail.com
266,Extended optimizing product,analytics,2192,jun.lee17@protonmail.com
267,Monitored full-range standardization,machine learning,1739,diego.williams8@outlook.com
268,Optional uniform portal,field research,3217,mason.singh73@yahoo.com
269,Extended regional array,analytics,1846,fatima.moreno57@protonmail.com
270,Secured grid-enabled circuit,analytics,2803,diego.diallo82@gmail.com
271,Distributed motivating algorithm,machine learning,3317,amara.jackson42@icloud.com
272,Virtual systemic algorithm,field research,2856,ethan.tanaka98@yahoo.com
273,Optimized 24/7 complexity,field research,1565,diego.williams8@outlook.com
274,Switchable intangible complexity,analytics,2135,mohamed.singh34@protonmail.com
275,User-friendly web-enabled challenge,analytics,2754,emma.dubois78@yahoo.com
276,Progressive upward-trending groupware,field research,2305,oliver.dubois74@protonmail.com
277,Optimized optimal secured line,field research,1744,leila.kim48@icloud.com
278,Programmable asymmetric core,machine learning,3238,nina.thomas44@yahoo.com
279,Focused secondary synergy,machine learning,1689,tariq.taylor1@yahoo.com
280,Streamlined mission-critical middleware,field research,3258,logan.walker67@outlook.com
281,Up-sized responsive extranet,field research,2183,jackson.muller14@gmail.com
282,Quality-focused transitional concept,analytics,2889,tariq.walker98@gmail.com
283,Virtual zero-defect firmware,analytics,3006,fatima.nkosi95@hotmail.com
284,Adaptive full-range orchestration,analytics,2726,mohamed.singh34@protonmail.com
285,Cloned explicit knowledgebase,field research,2576,jackson.white69@icloud.com
286,Multi-lateral executive frame,analytics,1789,sofia.williams99@protonmail.com
287,Multi-lateral executive architecture,field research,2181,jun.lee17@protonmail.com
288,Polarized tertiary product,field research,1466,chloe.petrov45@icloud.com
289,Front-line fresh-thinking moderator,machine learning,2827,raj.patel12@protonmail.com
290,Seamless bi-directional migration,field research,2041,mason.singh73@yahoo.com
291,Self-enabling intangible methodology,analytics,1431,aiden.park43@icloud.com
292,Innovative well-modulated help-desk,machine learning,3013,fatima.chen80@gmail.com
293,Seamless disintermediate Graphical User Interface,analytics,2366,diego.williams8@outlook.com
294,Team-oriented national approach,field research,1711,ivan.taylor80@outlook.com
295,Optimized impactful model,machine learning,1434,ali.jones52@gmail.com
296,Cross-group exuding groupware,field research,2295,jackson.davis60@hotmail.com
297,Cross-platform incremental capability,machine learning,2173,aiden.tanaka24@yahoo.com
298,Enhanced executive leverage,field research,2158,carlos.muller30@protonmail.com
299,Focused bottom-line portal,field research,2692,mateo.diallo28@outlook.com
300,Customizable mission-critical installation,analytics,2388,jun.wilson34@yahoo.com
301,Compatible modular protocol,analytics,3138,logan.ali24@yahoo.com
302,Multi-channeled demand-driven moderator,machine learning,1557,nina.thomas44@yahoo.com
303,Quality-focused cohesive matrix,field research,3243,ava.anderson19@protonmail.com
304,Adaptive scalable array,analytics,1568,isabella.dubois47@hotmail.com
305,Object-based cohesive forecast,field research,3353,carlos.wilson74@yahoo.com
306,Extended even-keeled firmware,analytics,3541,zoe.moreno11@outlook.com
307,Streamlined 24hour open architecture,machine learning,2091,aiden.tanaka24@yahoo.com
308,Stand-alone optimizing framework,field research,2254,logan.williams65@protonmail.com
309,Persistent encompassing implementation,machine learning,3281,jun.ali93@protonmail.com
310,Proactive clear-thinking methodology,machine learning,2475,jackson.white69@icloud.com
311,Advanced human-resource conglomeration,machine learning,1742,ava.anderson19@protonmail.com
312,Automated methodical hardware,analytics,1837,ethan.tanaka98@yahoo.com
313,Multi-layered contextually-based circuit,machine learning,2914,sofia.tanaka97@outlook.com
314,Future-proofed radical middleware,analytics,2750,emma.dubois78@yahoo.com
315,Organized discrete project,machine learning,2746,mateo.brown98@outlook.com
316,Diverse grid-enabled algorithm,field research,1741,ali.martinez38@yahoo.com
317,Implemented maximized protocol,field research,1452,wei.muller27@outlook.com
318,Assimilated fresh-thinking paradigm,analytics,2085,ava.anderson19@protonmail.com
319,Advanced mobile definition,field research,2300,oliver.dubois74@protonmail.com
320,Ergonomic discrete workforce,machine learning,2257,raj.patel12@protonmail.com
321,Optimized multi-tasking product,field research,1606,nina.thomas44@yahoo.com
322,Virtual foreground implementation,field research,3484,jackson.davis60@hotmail.com
323,Optimized analyzing array,field research,2411,james.martin19@icloud.com
324,Adaptive heuristic model,analytics,2073,sara.martin51@icloud.com
325,Vision-oriented even-keeled capability,machine learning,2208,jackson.white69@icloud.com
326,Sharable attitude-oriented core,analytics,2284,priya.ahmed14@hotmail.com
327,Grass-roots bottom-line emulation,machine learning,1713,sofia.tanaka97@outlook.com
328,Centralized dedicated monitoring,analytics,1862,ivan.taylor80@outlook.com
329,Face-to-face modular frame,machine learning,2366,emma.ali54@gmail.com
330,Pre-emptive zero tolerance open architecture,field research,1769,mia.jackson30@gmail.com
331,User-centric mission-critical utilization,analytics,2306,mason.patel84@yahoo.com
332,Enterprise-wide high-level extranet,analytics,3268,lucas.williams54@hotmail.com
333,Business-focused heuristic emulation,field research,2466,aiden.martin91@outlook.com
334,Decentralized incremental firmware,machine learning,3329,ivan.taylor80@outlook.com
335,Advanced stable neural-net,analytics,3090,ava.anderson19@protonmail.com
336,Expanded tertiary archive,analytics,3257,zoe.moreno11@outlook.com
337,Universal responsive adapter,analytics,2470,sofia.tanaka97@outlook.com
338,Versatile non-volatile throughput,machine learning,1812,carlos.wilson74@yahoo.com
339,Public-key static task-force,field research,2664,ivan.taylor80@outlook.com
340,Face-to-face secondary open architecture,analytics,1906,isabella.dubois47@hotmail.com
341,Exclusive modular application,analytics,1556,jun.ali93@protonmail.com
342,Business-focused didactic Internet solution,analytics,3545,sofia.garcia21@hotmail.com
343,Polarized clear-thinking synergy,field research,2030,isabella.martinez76@icloud.com
344,Centralized encompassing emulation,field research,2953,isabella.martinez76@icloud.com
345,Multi-layered hybrid monitoring,analytics,1468,mia.walker14@protonmail.com
346,Distributed bottom-line attitude,field research,1396,isabella.johnson75@protonmail.com
347,Virtual explicit process improvement,field research,3263,sofia.white98@hotmail.com
348,Re-contextualized didactic utilization,field research,2737,hannah.thompson64@hotmail.com
349,Enterprise-wide interactive flexibility,field research,2592,ava.anderson36@outlook.com
350,Virtual composite matrices,machine learning,1443,isabella.martinez76@icloud.com
351,Fully-configurable 24hour matrix,field research,2007,ali.jackson94@gmail.com
352,Mandatory system-worthy paradigm,machine learning,3509,aiden.jones77@yahoo.com
353,Future-proofed responsive methodology,machine learning,2362,jun.ali93@protonmail.com
354,Enhanced grid-enabled moratorium,analytics,2019,ali.hassan60@protonmail.com
355,Devolved background concept,analytics,3150,isabella.johnson75@protonmail.com
356,Optional bifurcated website,machine learning,2049,jackson.white69@icloud.com
357,Front-line uniform encryption,analytics,1620,ivan.taylor80@outlook.com
358,Public-key well-modulated challenge,machine learning,2223,ethan.tanaka98@yahoo.com
359,Persevering zero-defect methodology,analytics,2610,tariq.taylor1@yahoo.com
360,Team-oriented hybrid flexibility,machine learning,2564,sofia.smith28@icloud.com
361,Cloned human-resource infrastructure,field research,1403,zoe.moreno11@outlook.com
362,De-engineered leadingedge application,machine learning,3463,sofia.white98@hotmail.com
363,Multi-layered context-sensitive attitude,analytics,1642,diego.diallo82@gmail.com
364,Innovative multimedia product,machine learning,1998,isabella.johnson75@protonmail.com
365,Profit-focused background groupware,field research,2729,mia.wilson12@gmail.com
366,Re-contextualized national standardization,machine learning,1483,mei.park33@outlook.com
367,Extended neutral structure,analytics,2608,aiden.tanaka24@yahoo.com
368,Team-oriented radical firmware,machine learning,3457,james.martin19@icloud.com
369,Expanded leadingedge emulation,machine learning,1834,sofia.smith28@icloud.com
370,Self-enabling eco-centric Internet solution,machine learning,1418,ali.martinez38@yahoo.com
371,Advanced even-keeled middleware,machine learning,2139,sofia.smith28@icloud.com
372,Fully-configurable foreground toolset,analytics,2938,mia.dubois81@icloud.com
373,Profit-focused impactful productivity,analytics,1780,mia.jackson30@gmail.com
374,Horizontal clear-thinking moderator,analytics,2109,ivan.taylor80@outlook.com
375,Face-to-face real-time secured line,analytics,1795,mason.patel84@yahoo.com
376,Mandatory system-worthy functionalities,field research,3134,diego.diallo82@gmail.com
377,Seamless mobile success,analytics,2590,isabella.martinez76@icloud.com
378,Grass-roots user-facing array,analytics,1890,aiden.martin91@outlook.com
379,Multi-lateral explicit success,field research,1489,mia.walker14@protonmail.com
380,Distributed maximized monitoring,analytics,3446,mei.ali9@icloud.com
381,Streamlined human-resource emulation,machine learning,3502,sofia.tanaka97@outlook.com
382,Decentralized national budgetary management,field research,2547,leila.tanaka82@hotmail.com
383,Organic reciprocal instruction set,analytics,2206,laura.ali47@yahoo.com
384,Open-source global conglomeration,field research,2700,isabella.johnson75@protonmail.com
385,Self-enabling zero-defect conglomeration,analytics,3364,mia.walker14@protonmail.com
386,Versatile exuding capacity,analytics,3386,jun.moreno8@yahoo.com
387,Assimilated fault-tolerant function,field research,2346,laura.ali47@yahoo.com
388,Profound encompassing firmware,field research,2949,emma.taylor39@gmail.com
389,Polarized holistic process improvement,analytics,1692,ali.martinez38@yahoo.com
390,Sharable zero tolerance contingency,field research,1675,sofia.okonkwo99@icloud.com
391,Upgradable asynchronous model,field research,2158,mei.ali9@icloud.com
392,Organized neutral frame,analytics,2491,mei.park33@outlook.com
393,Configurable motivating strategy,analytics,2526,mateo.brown98@outlook.com
394,Total non-volatile attitude,analytics,2955,sofia.white98@hotmail.com
395,Self-enabling hybrid initiative,analytics,3048,mia.thomas17@icloud.com
396,Profit-focused real-time paradigm,analytics,2938,ali.jackson94@gmail.com
397,Sharable systemic middleware,machine learning,3121,zoe.reyes37@hotmail.com
398,Seamless intermediate product,field research,3504,laura.ali47@yahoo.com
399,Universal fault-tolerant adapter,field research,2348,hannah.thompson64@hotmail.com
400,Robust incremental model,analytics,2067,sara.martin51@icloud.com
401,Secured discrete support,machine learning,3326,ali.martinez38@yahoo.com
402,Vision-oriented human-resource Graphic Interface,machine learning,1472,leila.tanaka82@hotmail.com
403,Reduced optimizing approach,field research,2797,mia.walker14@protonmail.com
404,Optimized mission-critical collaboration,field research,3112,diego.lee49@outlook.com
405,Intuitive didactic complexity,analytics,1488,logan.lopez1@outlook.com
406,Up-sized bandwidth-monitored algorithm,machine learning,2184,zoe.moreno11@outlook.com
407,Pre-emptive leadingedge application,machine learning,3110,ali.park89@hotmail.com
408,Up-sized full-range middleware,field research,3482,mia.jackson30@gmail.com
409,Inverse client-server productivity,machine learning,3047,mia.jackson30@gmail.com
410,Advanced cohesive frame,field research,2352,amara.lopez98@yahoo.com
411,Mandatory client-server installation,machine learning,3092,zoe.smith85@gmail.com
412,Cross-group neutral software,analytics,2539,amara.kowalski26@gmail.com
413,Intuitive bottom-line pricing structure,machine learning,3424,emma.taylor39@gmail.com
414,Reduced reciprocal functionalities,analytics,2796,zoe.smith85@gmail.com
415,Open-architected object-oriented encoding,machine learning,3275,ivan.nkosi21@icloud.com
416,Multi-layered leadingedge task-force,field research,1894,ethan.tanaka98@yahoo.com
417,User-centric mobile emulation,machine learning,2057,chloe.petrov45@icloud.com
418,Customizable holistic knowledge user,field research,3117,zoe.smith85@gmail.com
419,De-engineered reciprocal knowledgebase,analytics,2411,emma.martinez59@yahoo.com
420,Grass-roots responsive core,analytics,2343,mia.jackson30@gmail.com
421,Compatible bandwidth-monitored capability,analytics,1383,chloe.ahmed45@outlook.com
422,Team-oriented uniform task-force,machine learning,3117,sofia.garcia21@hotmail.com
423,Decentralized dynamic forecast,analytics,1622,logan.ali24@yahoo.com
424,Inverse radical utilization,field research,3402,aiden.tanaka24@yahoo.com
425,Customer-focused full-range portal,machine learning,2836,sofia.smith28@icloud.com
426,Triple-buffered optimizing standardization,analytics,2376,zoe.reyes37@hotmail.com
427,Synergized eco-centric structure,analytics,1433,ali.jones52@gmail.com
428,Optimized value-added functionalities,field research,2336,raj.patel12@protonmail.com
429,Centralized regional database,machine learning,2621,mia.dubois81@icloud.com
430,Organized incremental secured line,field research,2041,amara.jackson42@icloud.com
431,Programmable optimal strategy,field research,2187,ali.jackson94@gmail.com
432,Open-source zero tolerance contingency,machine learning,2621,raj.ahmed52@yahoo.com
433,Profit-focused multi-state core,analytics,2712,oliver.dubois74@protonmail.com
434,Re-engineered non-volatile extranet,field research,3146,nina.thomas44@yahoo.com
435,Object-based multimedia algorithm,machine learning,2894,amara.nkosi17@icloud.com
436,Optional reciprocal frame,machine learning,2056,ivan.dubois86@gmail.com
437,Innovative zero-defect info-mediaries,field research,1939,zoe.reyes37@hotmail.com
438,Assimilated grid-enabled ability,analytics,1392,priya.ahmed14@hotmail.com
439,Seamless modular matrix,field research,2056,mia.walker14@protonmail.com
440,Automated directional data-warehouse,machine learning,2773,aiden.tanaka24@yahoo.com
441,Re-engineered eco-centric emulation,machine learning,1521,ava.brown5@outlook.com
442,Integrated optimizing success,machine learning,2323,ethan.tanaka98@yahoo.com
443,Mandatory intermediate synergy,analytics,2000,jun.lee17@protonmail.com
444,Persistent dedicated installation,analytics,1819,priya.ahmed14@hotmail.com
445,Managed optimizing benchmark,machine learning,2688,wei.muller27@outlook.com
446,User-centric national Graphic Interface,field research,2251,ava.anderson36@outlook.com
447,Synergized reciprocal structure,machine learning,1646,liam.rossi65@hotmail.com
448,User-friendly mobile framework,analytics,3260,fatima.moreno57@protonmail.com
449,Adaptive executive flexibility,machine learning,3044,tariq.taylor1@yahoo.com
450,User-friendly even-keeled monitoring,analytics,2630,mei.park33@outlook.com
451,Organic multi-state function,machine learning,2231,logan.williams65@protonmail.com
452,Intuitive local attitude,field research,1677,logan.williams1@gmail.com
453,Open-architected object-oriented synergy,analytics,1800,jun.wilson34@yahoo.com
454,Face-to-face needs-based implementation,machine learning,2261,ali.martinez38@yahoo.com
455,Implemented homogeneous matrices,machine learning,1632,leila.tanaka82@hotmail.com
456,Quality-focused clear-thinking info-mediaries,analytics,1378,ivan.nkosi21@icloud.com
457,Reverse-engineered demand-driven core,field research,3331,zoe.reyes37@hotmail.com
458,User-centric encompassing secured line,field research,2498,emma.martinez59@yahoo.com
459,Persistent directional task-force,machine learning,1555,ali.lee15@hotmail.com
460,Organic 5thgeneration algorithm,field research,1488,jackson.muller14@gmail.com
461,Networked needs-based support,field research,2280,logan.lopez1@outlook.com
462,Profound 3rdgeneration matrices,machine learning,2918,mia.dubois81@icloud.com
463,Secured content-based intranet,machine learning,2611,mohamed.singh34@protonmail.com
464,Realigned tangible firmware,analytics,2879,sofia.tanaka97@outlook.com
465,Profit-focused systemic productivity,analytics,3234,jackson.muller14@gmail.com
466,Ergonomic even-keeled orchestration,field research,1700,emma.dubois78@yahoo.com
467,Networked demand-driven data-warehouse,machine learning,2894,sofia.smith28@icloud.com
468,Assimilated local groupware,field research,2315,diego.lee49@outlook.com
469,Monitored static monitoring,field research,3483,priya.ahmed14@hotmail.com
470,Monitored cohesive model,field research,3224,fatima.chen80@gmail.com
471,Integrated contextually-based knowledge user,machine learning,1830,laura.ali47@yahoo.com
472,User-centric incremental structure,field research,3063,logan.williams1@gmail.com
473,Monitored national hub,machine learning,2417,fatima.moreno57@protonmail.com
474,Profit-focused web-enabled Graphic Interface,field research,2267,diego.diallo82@gmail.com
475,De-engineered intangible migration,machine learning,2237,leila.davis31@outlook.com
476,Diverse content-based Graphic Interface,machine learning,3097,mateo.brown98@outlook.com
477,Upgradable next generation forecast,field research,1762,amara.lopez98@yahoo.com
478,Fundamental well-modulated framework,analytics,3458,sofia.williams99@protonmail.com
479,Self-enabling solution-oriented framework,machine learning,2101,chloe.petrov45@icloud.com
480,Upgradable real-time benchmark,field research,1567,fatima.moreno57@protonmail.com
481,Persistent modular solution,field research,1650,zoe.reyes37@hotmail.com
482,Phased 3rdgeneration analyzer,machine learning,3413,ava.taylor86@hotmail.com
483,Expanded maximized moratorium,machine learning,3113,isabella.dubois47@hotmail.com
484,Sharable encompassing synergy,field research,1972,mohamed.singh34@protonmail.com
485,Customizable needs-based contingency,analytics,1993,tariq.walker98@gmail.com
486,Visionary non-volatile migration,machine learning,1472,mateo.diallo28@outlook.com
487,Upgradable coherent parallelism,field research,1882,zoe.moreno11@outlook.com
488,Ameliorated value-added open system,field research,3062,raj.patel12@protonmail.com
489,Streamlined background complexity,machine learning,2265,logan.lopez1@outlook.com
490,Ergonomic web-enabled task-force,machine learning,2764,jun.lee17@protonmail.com
491,Progressive reciprocal knowledge user,machine learning,2863,mei.ali9@icloud.com
492,Inverse solution-oriented protocol,analytics,2515,oliver.dubois74@protonmail.com
493,Progressive well-modulated Internet solution,analytics,2156,james.martin19@icloud.com
494,Devolved modular process improvement,analytics,2948,lucas.williams54@hotmail.com
495,Universal content-based hierarchy,field research,3359,mia.dubois81@icloud.com
496,Exclusive modular algorithm,field research,3116,jun.moreno8@yahoo.com
497,Focused zero tolerance ability,analytics,3459,ava.brown5@outlook.com
498,Extended modular initiative,analytics,3080,diego.diallo82@gmail.com
499,User-friendly contextually-based capability,analytics,3226,diego.lee49@outlook.com
500,Extended bifurcated installation,machine learning,2386,ivan.taylor80@outlook.com
